Model,Accuracy,ROC-AUC,Precision,Recall,F1-Score
SVM,0.9711538461538461,0.9976562500000001,0.9714702641531908,0.9711538461538461,0.9712183412970815
Naive Bayes,0.9423076923076923,0.986328125,0.9435188467446533,0.9423076923076923,0.9425533815777718
k-NN,0.9423076923076923,0.98125,0.9460372960372959,0.9423076923076923,0.9427507975895073
Decision Tree,0.9903846153846154,0.9921875,0.9906191369606004,0.9903846153846154,0.9904061137656939
Random Forest,1.0,1.0,1.0,1.0,1.0
Neural Network,0.9903846153846154,1.0,0.9905325443786983,0.9903846153846154,0.9903610274525789
Gradient Boosting,0.9903846153846154,0.9937499999999999,0.9906191369606004,0.9903846153846154,0.9904061137656939
